{
  "policy": "train/mlp_policy_ppo_v40_s100_t500.pt",
  "n_games": 20,
  "n_samples": 129,
  "v_mean": -0.4882453802698689,
  "v_median": -0.550013542175293,
  "outcome_mean": -0.16279069767441862,
  "bias_mean": -0.3254546825954503,
  "bias_median": 0.15288054943084717,
  "sign_match_rate": 0.6589147286821705,
  "per_phase": {
    "early": {
      "n": 40,
      "v_mean": -0.4482640303205699,
      "v_median": -0.4386306703090668,
      "o_mean": -0.2,
      "bias_mean": -0.24826403032056987,
      "bias_median": 0.3222719430923462,
      "sign_match": 24
    },
    "mid": {
      "n": 51,
      "v_mean": -0.4842259496194767,
      "v_median": -0.5487260818481445,
      "o_mean": -0.09803921568627451,
      "bias_mean": -0.3861867339332022,
      "bias_median": 0.15560734272003174,
      "sign_match": 33
    },
    "late": {
      "n": 38,
      "v_mean": -0.5357255108262363,
      "v_median": -0.7674854695796967,
      "o_mean": -0.21052631578947367,
      "bias_mean": -0.32519919503676264,
      "bias_median": 0.1418648660182953,
      "sign_match": 28
    }
  }
}
